DISTINCT_CUSTOMER,REVENUES,NUM_VISITS,AVG_QUANTITY,AVG_UNITPRICE,StockCode
31,525.78,51,11.5882,1.102941,10002
4,3.36,4,4.0000,0.210000,10120
1,0.65,1,1.0000,0.650000,10123C
1,1.68,1,4.0000,0.420000,10124A
1,2.10,1,5.0000,0.420000,10124G
15,200.51,39,9.4103,0.773333,10125
16,199.11,36,8.6111,0.776944,10133
32,768.86,74,13.8514,1.269054,10135
7,195.86,14,7.6429,2.405714,11001
6,42.32,15,14.8000,0.609333,15034
24,797.24,53,22.1509,1.021321,15036
6,94.34,11,6.7273,1.215455,15039
5,97.35,6,5.5000,2.950000,15044A
6,118.01,6,6.5000,3.443333,15044B
4,96.61,7,3.2857,4.607143,15044C
6,123.80,7,5.7143,3.778571,15044D
38,2646.40,71,6.3662,6.889718,15056B
43,1799.94,77,3.9221,7.060130,15056N
17,564.65,26,3.8077,7.296538,15056P
1,7.95,1,1.0000,7.950000,15058A
2,31.80,2,2.0000,7.950000,15058B
19,448.49,37,2.7297,5.494865,15060B
2,3.50,2,7.0000,0.250000,16008
1,1.44,1,12.0000,0.120000,16010
8,59.85,8,35.6250,0.210000,16011
7,45.36,7,30.8571,0.210000,16012
6,336.38,7,148.4286,0.405714,16014
2,20.50,3,13.6667,0.500000,16015
10,210.30,10,27.8000,0.837000,16016
3,43.20,3,120.0000,0.120000,16033
1,12.00,1,100.0000,0.120000,16045
2,8.50,2,5.0000,0.850000,16046
2,13.48,4,7.0000,0.742500,16048
2,14.28,3,9.6667,0.700000,16052
1,0.84,1,2.0000,0.420000,16054
2,21.00,2,25.0000,0.420000,16156L
24,262.50,24,26.0417,0.420000,16156S
1,10.50,1,25.0000,0.420000,16161M
19,210.42,20,25.0500,0.420000,16161P
17,178.50,17,25.0000,0.420000,16161U
1,0.65,1,1.0000,0.650000,16162L
4,26.08,6,9.6667,0.635000,16168M
5,52.50,5,25.0000,0.420000,16169K
2,21.00,2,25.0000,0.420000,16169M
1,10.50,1,25.0000,0.420000,16169N
2,21.00,2,25.0000,0.420000,16169P
2,8.75,2,3.5000,1.250000,16206B
1,5.90,1,2.0000,2.950000,16207A
2,8.85,2,1.5000,2.950000,16207B
3,4.45,3,7.0000,0.523333,16216
2,7.19,4,2.0000,1.637500,16218
3,10.08,4,6.7500,0.947500,16219
10,237.44,26,15.7692,1.372308,16225
9,91.32,27,13.8148,0.355185,16235
7,43.03,21,8.5714,0.354762,16236
22,216.12,52,20.5385,0.315000,16237
6,37.05,18,8.0000,0.368333,16238
8,28.56,9,7.2222,0.466667,16258A
19,745.81,32,136.5000,0.277188,17003
1,25.20,1,12.0000,2.100000,17007B
3,18.91,3,2.6667,2.803333,17011F
4,77.24,17,2.9412,2.381765,17012A
5,125.51,22,3.1364,2.417273,17012B
6,149.34,13,10.9231,2.240000,17012C
5,70.78,16,1.7500,2.516250,17012D
4,74.64,11,6.1818,2.151818,17012E
4,87.47,16,3.3750,2.373750,17012F
6,149.07,6,50.6667,1.320000,17013D
2,15.36,2,12.5000,1.930000,17014A
9,326.40,9,147.5556,0.286667,17021
1,2.52,1,6.0000,0.420000,17028J
4,19.50,4,52.5000,0.280000,17038
1,10.50,1,50.0000,0.210000,17084A
2,15.75,2,37.5000,0.210000,17084J
4,44.28,16,9.6875,0.386250,17084N
3,18.76,5,16.4000,0.342000,17084P
4,290.88,4,432.0000,0.197500,17084R
5,77.45,5,17.0000,1.090000,17090A
3,10.00,3,2.6667,1.250000,17090D
9,44.93,10,14.5000,1.038000,17091A
16,195.75,18,18.2222,1.123333,17091J
7,347.35,10,197.8000,0.293000,17096
7,102.00,7,5.7143,2.550000,17107D
1,3.38,1,2.0000,1.690000,17109D
1,31.12,8,2.3750,1.645000,17129F
1,0.84,1,4.0000,0.210000,17136A
9,12.18,10,2.9000,0.420000,17164B
7,28.35,8,4.5000,0.918750,17165D
1,0.42,1,1.0000,0.420000,17174
6,21.45,12,8.6667,0.325000,18007
3,33.72,7,2.8571,2.142857,18094C
1,2.55,1,1.0000,2.550000,18097A
14,345.69,18,7.6667,3.074444,18097C
23,821.57,52,4.4808,4.097115,18098C
8,127.24,35,1.4571,2.580000,20615
4,69.81,14,4.5000,2.200000,20616
7,56.38,14,1.8571,2.208571,20617
6,54.07,19,1.4737,2.037895,20618
7,97.38,15,6.2667,1.820000,20619
8,120.22,18,5.5000,2.527778,20622
5,84.55,29,3.1379,1.040345,20652
1,19.41,13,1.4615,1.100769,20653
9,50.54,18,2.5556,1.023333,20654
8,65.99,32,1.7188,1.352188,20655
5,7.50,5,1.2000,1.250000,20657
22,148.82,35,2.9143,1.679143,20658
5,31.09,16,1.9375,1.047500,20659
1,2.95,1,1.0000,2.950000,20661
4,50.91,12,1.5833,2.603333,20662
3,33.41,11,1.1818,2.580909,20663
3,17.70,3,2.0000,2.950000,20664
15,309.52,35,2.2857,4.627714,20665
1,2.95,1,1.0000,2.950000,20666
15,221.84,32,61.2813,0.195313,20668
14,137.39,25,3.6400,1.800400,20669
1,2.95,1,1.0000,2.950000,20670
2,12.50,2,5.0000,1.250000,20671
24,421.27,33,10.6364,1.389697,20674
29,727.00,48,12.8958,1.425417,20675
37,1359.86,72,14.2083,1.637500,20676
24,738.28,53,11.0566,1.758491,20677
39,1782.68,60,5.2000,6.220667,20679
24,360.19,34,2.9118,4.173529,20681
31,865.21,55,4.4182,4.454182,20682
9,104.81,12,2.4167,4.130000,20684
96,5117.27,145,4.8483,7.950276,20685
7,105.62,10,2.6000,4.658000,20686
1,15.24,2,1.0000,7.620000,20694
1,4.25,1,1.0000,4.250000,20695
3,103.55,16,1.6250,4.181250,20696
3,7.65,3,1.0000,2.550000,20697
2,7.65,2,1.5000,2.550000,20698
3,209.93,32,2.3438,3.132813,20699
2,43.71,5,1.0000,8.742000,20700
1,3.75,1,1.0000,3.750000,20701
6,127.50,7,4.2857,4.250000,20702
14,285.18,16,8.6250,2.955000,20704
9,202.80,10,10.4000,1.950000,20705
4,22.32,10,1.1000,2.107000,20707
32,1831.94,71,12.1408,3.055352,20711
52,2156.95,94,9.2553,2.899894,20712
57,2439.43,106,11.9151,2.692642,20713
10,111.23,16,5.0625,1.795000,20716
27,912.68,77,11.3636,1.526104,20717
39,1269.19,68,11.0735,1.911029,20718
51,2767.33,118,16.7288,1.292034,20719
37,1384.81,82,10.7805,1.440610,20723
66,2597.42,124,14.4032,1.270484,20724
111,4164.24,179,13.6536,2.440670,20725
75,2439.71,113,10.6991,2.291239,20726
82,2471.00,140,9.2357,2.401429,20727
78,2213.33,118,10.2034,2.323644,20728
2,5.00,2,2.0000,1.250000,20731
10,552.40,43,17.2558,0.839767,20733
1,176.68,15,6.6667,1.929333,20734
5,274.92,36,6.5278,1.116667,20735
8,139.86,9,6.0000,8.880000,20748
42,1649.79,53,4.3208,7.777170,20749
54,2566.26,71,5.0423,7.907183,20750
31,463.91,50,4.5200,2.427800,20751
28,285.60,40,3.0000,2.676250,20752
46,638.18,75,3.3867,2.795867,20754
7,50.80,10,5.5000,1.174000,20755
1,2.55,1,3.0000,0.850000,20756
6,23.80,8,3.5000,0.850000,20757
4,16.15,4,4.7500,0.850000,20758
3,6.80,3,2.6667,0.850000,20759
2,3.40,2,2.0000,0.850000,20760
9,75.24,10,1.8000,4.524000,20761
12,97.70,14,1.6429,4.567857,20762
6,48.83,7,1.5714,4.832857,20763
11,108.95,14,1.8571,4.567857,20764
11,63.87,13,1.2308,4.047692,20765
7,60.44,11,1.0000,5.494545,20766
9,101.52,13,2.5385,3.314615,20767
4,38.17,5,2.6000,3.052000,20768
3,25.08,3,2.3333,3.353333,20769
8,181.09,23,3.3913,2.493913,20770
3,15.30,3,2.0000,2.550000,20771
10,81.48,15,1.9333,3.052000,20772
6,33.00,7,2.8571,1.650000,20773
7,23.10,8,1.7500,1.650000,20774
3,38.43,5,3.0000,2.676000,20775
8,26.52,9,1.5556,2.030000,20777
5,16.50,5,2.0000,1.650000,20778
5,177.12,13,2.3077,7.156154,20780
5,73.89,6,1.8333,6.990000,20781
6,165.24,9,2.8889,6.490000,20782
1,9.99,1,1.0000,9.990000,20785
1,6.75,1,1.0000,6.750000,20793
2,17.63,4,1.0000,4.407500,20794
2,16.73,2,3.5000,3.115000,20795
6,75.60,6,6.8333,1.750000,20798
15,616.99,37,12.6486,2.015405,20801
12,221.70,15,20.1333,1.604667,20802
8,191.45,11,37.6364,1.215455,20803
2,30.20,4,1.2500,6.612500,20818
3,31.13,8,1.3750,2.795000,20819
1,14.85,1,3.0000,4.950000,20820
2,25.44,2,6.0000,2.120000,20826
35,536.21,43,4.5349,2.839535,20828
22,428.36,30,6.6667,2.378667,20829
6,156.01,13,3.6923,3.380000,20830
3,58.32,5,4.0000,3.334000,20831
15,155.43,40,4.4250,0.969000,20832
1,9.99,1,1.0000,9.990000,20835
2,54.79,4,2.5000,7.680000,20839
1,9.32,1,1.0000,9.320000,20840
2,12.70,2,1.0000,6.350000,20845
9,158.69,15,6.8667,1.831333,20846
2,45.16,4,2.0000,6.612500,20847
1,11.80,1,4.0000,2.950000,20848
1,0.00,1,1.0000,0.000000,20849
1,11.90,1,2.0000,5.950000,20851
14,368.17,38,6.1316,1.688421,20854
8,144.97,26,3.3846,1.645385,20856
5,42.90,5,5.2000,1.650000,20857
1,2.10,1,1.0000,2.100000,20860
2,4.20,2,1.0000,2.100000,20861
8,309.55,39,7.8718,1.123077,20866
6,227.48,39,5.3333,1.321282,20867
3,51.50,11,5.2727,0.915455,20868
1,17.32,6,3.1667,0.911667,20869
1,8.42,1,2.0000,4.210000,20871
8,31.25,9,3.0000,1.111111,20878
18,239.89,30,3.5667,2.768000,20886
2,39.96,3,1.3333,9.990000,20892
5,345.57,6,26.5000,3.220000,20893
2,11.80,2,2.0000,2.950000,20894
3,47.24,6,2.0000,4.923333,20897
1,38.35,2,6.5000,2.950000,20898
2,152.56,13,1.2308,9.710000,20902
3,55.37,5,1.4000,8.534000,20903
1,2.95,1,1.0000,2.950000,20906
2,50.80,3,2.6667,6.350000,20910
81,3233.92,118,9.7288,3.491356,20914
4,106.20,12,1.5000,6.330000,20931
3,49.23,5,1.8000,6.072000,20932
2,15.00,2,2.0000,3.750000,20933
4,52.68,5,1.6000,7.266000,20934
5,53.13,7,2.1429,4.218571,20936
4,18.78,5,2.4000,1.754000,20941
1,0.00,1,1.0000,0.000000,20950
1,16.94,2,1.0000,8.470000,20954
9,199.04,26,15.8846,2.023846,20956
1,67.57,8,3.3750,2.497500,20960
26,541.24,56,6.7679,1.874643,20961
27,628.59,65,6.6000,1.843231,20963
27,725.39,75,6.2800,1.897200,20966
41,619.27,51,3.0980,4.199020,20967
32,594.35,51,2.8627,4.603333,20969
32,481.68,48,2.3750,4.717500,20970
53,1191.96,73,13.6712,1.512329,20971
59,1032.37,93,8.5484,1.581290,20972
37,374.92,61,8.2459,0.875738,20973
51,476.93,72,9.4722,0.814583,20974
55,770.82,86,12.5581,0.866977,20975
22,167.50,22,6.0909,1.250000,20977
22,156.24,31,3.7419,1.571935,20978
22,278.55,30,7.1000,1.576000,20979
5,11.25,5,1.8000,1.250000,20980
22,139.04,32,4.8438,1.027188,20981
27,154.70,30,6.0667,0.850000,20982
25,180.20,30,7.0667,0.850000,20983
8,24.65,9,3.2222,0.850000,20984
19,424.49,32,11.1250,1.633125,20985
6,81.40,13,3.4615,1.730769,20986
15,88.16,18,5.4444,0.985000,20992
9,53.71,24,4.3333,0.575833,20996
5,130.18,19,2.1579,3.356842,20998
4,104.89,16,1.8125,3.513750,21000
2,73.23,12,1.4167,4.348333,21001
2,249.35,38,1.9474,3.353947,21002
1,12.70,1,2.0000,6.350000,21003
1,1.25,2,1.0000,0.625000,21009
3,29.00,3,6.6667,1.450000,21011
9,626.29,46,5.5870,2.415652,21012
9,146.69,24,6.6667,1.099583,21014
1,45.96,17,2.1176,1.276471,21015
5,22.06,7,3.4286,1.087143,21018
5,88.36,29,2.7586,1.127931,21025
5,100.59,32,3.2813,1.112500,21026
5,72.84,28,2.5714,1.046429,21027
2,44.01,23,2.0435,1.003913,21028
5,33.57,16,2.0625,0.970000,21030
3,26.82,11,2.1818,1.106364,21031
4,46.81,14,3.3571,0.927143,21032
17,1160.47,57,7.5789,3.337368,21033
125,330.60,168,2.0714,0.950000,21034
35,937.83,91,2.6923,4.674835,21035
3,29.50,3,3.3333,2.950000,21038
14,146.97,15,3.6667,2.998000,21039
4,17.85,4,1.7500,2.550000,21040
29,832.62,82,2.5122,4.764634,21041
28,645.83,45,2.1556,7.117111,21042
5,235.08,25,2.0000,4.450000,21043
6,173.71,30,3.2667,1.806333,21051
12,296.39,14,2.3571,9.024286,21054
17,552.21,28,2.2500,8.922857,21055
12,313.25,15,2.3333,8.950000,21056
16,161.91,22,8.3182,0.995909,21058
14,71.33,14,5.9286,0.905714,21059
9,39.74,10,4.4000,1.006000,21060
12,70.20,13,6.0000,0.970000,21061
12,86.70,12,8.5000,0.850000,21062
17,83.97,19,5.0526,0.974737,21063
8,162.78,11,2.3636,6.684545,21064
10,389.91,24,10.7917,3.331250,21065
6,48.79,9,3.8889,1.810000,21066
8,186.81,25,4.3600,2.000000,21067
22,692.91,54,10.7963,1.559630,21068
18,446.44,41,8.0976,1.881220,21069
5,142.41,14,7.9286,2.125714,21070
25,506.48,65,6.0308,1.684000,21071
21,297.05,37,9.6486,1.276757,21078
99,1708.62,147,13.7347,1.059456,21080
1,27.71,4,4.2500,1.630000,21082
4,19.18,4,7.0000,0.895000,21084
36,523.43,50,16.3200,0.787200,21086
3,22.24,3,9.3333,0.986667,21088
1,1.30,1,2.0000,0.650000,21089
4,30.38,7,4.5714,1.188571,21090
44,954.74,59,21.0339,0.981695,21094
2,8.50,2,5.0000,0.850000,21095
3,28.70,3,9.6667,1.120000,21096
36,1459.66,81,9.1235,1.800494,21098
7,66.44,13,2.1538,3.016154,21100
10,94.20,14,2.0000,3.778571,21106
14,576.54,27,7.4815,4.212222,21107
25,7540.85,48,71.6875,3.780000,21108
19,1264.77,53,9.4151,4.893396,21109
30,2260.04,68,11.6324,4.641912,21110
21,809.34,53,8.7925,2.755849,21111
19,983.74,45,14.6222,2.495778,21112
24,332.46,27,8.8148,2.544815,21114
16,292.68,25,1.6000,7.657200,21115
13,529.51,50,1.6200,7.102400,21116
1,6.75,1,1.0000,6.750000,21117
1,9.99,1,1.0000,9.990000,21120
47,1556.91,62,21.2581,1.405645,21121
40,969.02,53,15.2830,1.410943,21122
17,219.97,21,8.2857,1.367619,21123
29,645.31,33,16.8788,1.358788,21124
13,170.01,14,9.6429,1.340000,21125
14,157.54,18,6.7778,1.460000,21126
2,67.76,6,1.3333,8.976667,21128
1,6.95,1,1.0000,6.950000,21129
2,120.79,2,15.5000,6.020000,21131
1,34.00,2,4.0000,4.250000,21132
1,0.00,1,1.0000,0.000000,21134
21,337.85,25,7.8000,2.022000,21135
39,696.13,43,9.4651,1.883023,21136
31,7200.26,45,46.6667,4.142444,21137
20,588.85,26,10.5000,2.297692,21143
1,16.80,2,2.5000,3.360000,21144
1,30.00,1,24.0000,1.250000,21145
3,83.35,20,1.7000,2.441000,21147
39,976.33,78,9.2949,2.012051,21154
41,665.07,58,5.1724,2.598276,21155
47,1283.68,66,10.3939,2.396061,21156
4,96.28,12,2.5000,3.655833,21157
8,47.57,12,2.0833,2.234167,21158
9,44.88,10,2.7000,1.832000,21159
1,3.36,1,1.0000,3.360000,21160
12,83.75,18,2.5556,1.976667,21161
8,34.20,10,1.7000,2.023000,21162
10,71.34,17,2.0588,2.120000,21163
37,681.08,49,4.3265,3.552041,21164
48,1045.73,77,7.6494,2.422987,21165
84,2031.92,127,8.3780,2.432992,21166
3,44.82,10,15.6000,0.384000,21167
40,604.53,68,4.8971,2.488824,21169
9,81.42,14,3.5714,2.244286,21171
8,120.07,10,7.9000,2.002000,21172
32,704.91,67,4.3731,3.061343,21174
80,5508.94,123,22.8130,2.605772,21175
16,144.31,23,4.4348,1.889130,21179
115,3889.87,183,10.3497,2.595519,21181
1,6.72,2,2.0000,1.680000,21186
12,265.47,22,6.5000,2.334091,21187
8,191.72,12,4.6667,4.173333,21188
5,150.90,15,3.3333,2.904000,21189
4,166.10,4,28.5000,1.600000,21190
10,515.10,29,5.5517,3.404138,21191
11,436.54,37,5.1081,2.664865,21192
3,107.58,15,3.6000,2.039333,21194
11,664.10,44,9.4545,2.402045,21195
2,21.45,2,6.5000,1.650000,21196
4,61.41,4,18.2500,1.342500,21197
15,256.02,16,31.8750,1.086250,21198
19,307.36,23,23.4348,1.534348,21199
9,328.74,29,12.7931,1.589655,21200
12,330.00,18,7.3889,2.937778,21201
6,241.50,7,50.0000,1.078571,21202
6,49.68,7,3.8571,2.138571,21204
12,171.42,26,2.5385,2.616538,21205
20,501.96,23,26.8696,1.568696,21206
11,117.54,16,4.0000,1.970000,21207
3,95.46,13,4.3846,1.776923,21208
4,131.47,16,8.3125,1.728125,21209
60,1516.08,88,11.4205,1.813750,21210
9,167.29,13,8.4615,2.049231,21211
125,4445.99,199,38.5176,0.758945,21212
58,1319.95,85,25.6118,0.843765,21213
8,166.60,28,8.2143,1.176429,21215
33,1689.24,78,3.9487,7.480769,21216
46,1750.60,68,2.7059,9.871176,21217
21,1545.65,64,5.5156,6.703125,21218
7,164.05,36,4.2500,1.232778,21219
3,103.91,31,3.1935,1.189355,21220
8,124.81,27,4.0370,1.069259,21221
2,54.23,22,2.5000,1.082273,21222
12,206.77,28,5.8929,1.357143,21224
1,2.50,2,1.0000,1.250000,21226
59,1788.79,105,13.6762,1.616190,21231
85,3046.68,141,15.8511,1.641348,21232
34,536.65,59,10.7797,1.129153,21238
27,507.15,47,13.0426,1.197872,21239
28,516.50,51,12.1569,1.202941,21240
27,848.34,46,11.2174,2.175870,21242
20,677.63,33,12.9697,1.984242,21243
23,720.62,35,12.9143,1.947429,21244
19,378.67,29,7.9310,2.017586,21245
6,257.58,9,5.5556,5.510000,21246
6,25.50,7,1.5714,1.995714,21248
16,392.06,31,3.9355,4.361613,21249
2,11.69,2,1.5000,4.370000,21250
9,168.22,14,3.5714,4.218571,21251
3,117.78,11,2.3636,5.350000,21253
22,1217.05,60,2.3833,9.021333,21257
32,3106.89,78,4.0256,9.861923,21258
43,1547.10,70,3.8571,6.628857,21259
26,536.25,28,5.8929,3.250000,21260
2,126.66,13,1.2308,7.802308,21261
3,324.64,21,2.3810,7.160000,21262
1,23.64,4,1.0000,5.910000,21263
1,29.55,5,1.0000,5.910000,21264
1,17.61,3,1.0000,5.870000,21265
1,0.84,1,2.0000,0.420000,21268
3,26.99,3,1.0000,8.996667,21269
1,276.81,20,1.6500,8.389000,21270
16,193.05,33,4.1515,1.859091,21272
6,89.91,8,1.1250,9.990000,21275
3,29.97,3,1.0000,9.990000,21277
3,30.60,3,4.0000,2.550000,21278
4,106.34,14,2.0000,4.515000,21279
1,15.30,1,6.0000,2.550000,21280
4,106.82,10,3.5000,4.307000,21281
4,37.05,7,2.7143,2.395714,21284
3,31.55,4,2.5000,3.155000,21285
2,47.89,7,1.4286,4.687143,21286
6,68.77,6,8.8333,1.460000,21287
5,79.71,10,2.1000,4.726000,21288
6,286.25,7,32.7143,1.250000,21289
11,161.30,13,14.2308,1.036923,21291
5,296.76,5,88.8000,0.808000,21292
1,33.68,2,4.0000,4.210000,21293
7,169.81,10,12.5000,1.749000,21294
4,17.22,5,1.4000,2.604000,21306
3,10.50,3,1.6667,2.100000,21307
4,15.96,4,1.7500,2.415000,21311
24,531.17,47,13.3191,1.212553,21313
55,2049.84,106,7.8774,2.881698,21314
2,47.00,4,3.0000,5.140000,21316
3,51.77,4,1.7500,7.720000,21317
6,59.47,9,3.2222,2.394444,21318
5,93.61,7,8.0000,2.344286,21319
2,30.18,4,2.2500,4.357500,21320
10,147.57,16,3.0000,3.690625,21324
47,983.98,65,22.8615,0.767385,21326
21,259.05,47,2.4468,2.316170,21327
27,587.94,60,3.7667,2.444500,21328
24,286.21,49,2.4286,2.268163,21329
2,29.97,2,1.5000,9.990000,21331
2,49.95,2,2.5000,9.990000,21332
12,129.81,12,3.5833,3.196667,21333
1,2.95,1,1.0000,2.950000,21336
27,1434.32,35,4.1143,9.980857,21340
1,9.99,1,1.0000,9.990000,21344
6,361.56,7,21.1429,2.837143,21348
3,97.20,6,2.0000,8.370000,21349
7,242.10,8,4.7500,6.650000,21351
8,379.02,30,2.0667,6.090000,21352
22,264.08,29,7.2759,1.528276,21354
68,826.31,86,7.6279,1.388372,21355
15,190.23,30,4.1333,1.920333,21356
9,22.50,11,5.8182,1.136364,21357
16,131.20,20,5.0000,1.497000,21358
5,59.94,6,1.0000,9.990000,21359
7,69.69,7,1.0000,9.955714,21360
21,569.43,35,1.6286,9.990000,21361
25,590.58,46,2.2174,6.812609,21363
5,70.47,6,1.5000,7.830000,21364
5,129.60,7,5.7143,4.201429,21365
3,118.13,8,2.1250,7.370000,21366
4,27.79,7,1.0000,3.970000,21367
2,7.51,2,1.0000,3.755000,21368
1,18.99,3,1.0000,6.330000,21369
1,12.70,1,2.0000,6.350000,21370
2,35.56,2,6.5000,3.755000,21371
2,23.51,5,1.0000,4.702000,21372
2,30.24,3,2.0000,6.330000,21374
4,52.68,4,2.0000,6.585000,21375
4,38.15,4,1.7500,5.450000,21376
4,38.25,6,3.0000,2.505000,21377
6,44.61,6,4.3333,1.935000,21378
5,26.29,6,2.8333,1.670000,21379
26,542.72,34,5.2941,3.294706,21380
18,1165.95,31,24.1613,2.524839,21381
7,67.64,8,2.5000,3.675000,21382
19,113.61,26,6.3077,0.881923,21383
36,707.19,58,13.3966,1.151552,21385
4,48.98,5,10.6000,1.168000,21386
15,183.44,18,11.7778,1.030000,21389
19,473.76,25,14.9200,1.500000,21390
3,52.50,9,1.8889,3.732222,21391
4,39.76,5,3.4000,2.506000,21392
4,33.60,5,3.2000,2.100000,21393
2,15.83,2,3.5000,3.040000,21394
5,54.69,9,4.1111,2.187778,21397
6,85.96,12,2.5833,3.317500,21398
4,20.86,4,2.0000,2.607500,21399
3,6.71,3,5.0000,0.556667,21400
5,13.01,8,3.5000,0.576250,21401
1,7.51,7,1.2857,0.835714,21402
3,81.29,7,29.0000,0.712857,21403
19,411.70,36,2.1111,6.101667,21407
6,232.70,21,1.5238,7.448095,21408
1,8.47,1,1.0000,8.470000,21410
28,585.83,43,2.9070,5.501628,21411
5,55.02,11,2.9091,2.047273,21413
7,56.71,9,2.8889,2.334444,21415
3,15.00,3,1.3333,3.750000,21416
3,54.15,10,1.5000,3.748000,21417
1,14.98,2,1.5000,5.010000,21418
2,10.02,2,1.0000,5.010000,21420
6,115.79,7,28.7143,1.362857,21421
10,165.50,11,17.3636,0.994545,21422
4,221.19,6,13.5000,4.656667,21424
3,123.66,8,4.2500,5.622500,21425
5,152.86,5,16.0000,2.572000,21426
11,97.06,19,1.6316,3.325263,21427
25,924.66,38,5.8421,5.160000,21428
40,850.44,75,6.2000,2.261067,21429
48,1919.19,76,6.6316,4.700263,21430
12,201.31,18,8.6111,1.600000,21439
5,55.40,12,3.6667,1.375000,21441
5,53.31,8,6.0000,1.227500,21442
8,92.50,8,9.2500,1.250000,21445
16,107.60,26,2.7308,1.781154,21446
14,138.68,23,4.0435,1.677391,21447
17,162.05,26,3.5000,1.976154,21448
25,736.59,33,7.3636,3.739394,21452
7,38.88,11,3.8182,1.065455,21454
8,55.92,10,6.3000,1.087000,21455
2,17.50,2,7.0000,1.250000,21456
4,12.50,4,2.5000,1.250000,21457
5,46.13,7,4.8571,1.768571,21458
5,31.20,5,3.2000,1.950000,21459
5,23.40,5,2.4000,1.950000,21460
1,9.75,1,5.0000,1.950000,21461
9,94.50,9,1.5556,6.750000,21462
21,811.45,25,6.4400,5.652000,21463
18,246.50,23,2.5217,4.250000,21464
9,75.12,9,2.1111,4.180000,21465
16,131.37,17,2.0000,3.977647,21466
12,86.49,13,1.6154,4.345385,21467
7,63.75,7,2.4286,3.750000,21468
9,112.50,9,3.3333,3.750000,21469
15,191.69,21,2.1905,4.663810,21470
14,161.73,15,2.6000,4.266000,21471
16,228.95,19,3.0526,4.352632,21472
1,9.99,1,1.0000,9.990000,21473
2,19.98,2,1.0000,9.990000,21476
91,8992.56,162,14.0802,4.629753,21479
90,3564.99,157,6.4076,3.705223,21481
80,3017.31,126,5.7143,4.568651,21484
141,4919.78,204,4.6422,5.630000,21485
5,147.88,11,3.2727,4.042727,21486
3,557.88,16,4.7500,7.093125,21488
1,1.95,2,1.0000,0.975000,21491
13,821.50,75,5.2267,3.078000,21494
17,220.50,20,26.2500,0.420000,21495
14,157.50,14,26.7857,0.420000,21497
43,589.00,46,31.5217,0.416522,21498
25,368.50,28,33.0357,0.414286,21499
26,288.00,26,26.9231,0.416923,21500
6,63.00,6,25.0000,0.420000,21503
12,99.95,17,13.7059,0.517647,21504
32,271.20,50,12.8600,0.511800,21506
22,232.90,33,17.5152,0.557273,21507
20,144.76,39,8.3077,0.613333,21508
16,147.18,31,11.0968,0.620968,21509
11,72.13,28,6.0357,0.438571,21518
25,180.17,36,11.7778,0.536667,21519
11,73.30,27,6.2593,0.469630,21520
46,2654.88,85,4.0941,8.406000,21523
60,2328.03,90,3.4333,8.262000,21524
60,2028.90,79,3.3671,7.952025,21527
12,195.03,17,1.4706,8.022941,21528
6,70.72,10,2.0000,4.122000,21530
35,570.60,46,5.1957,2.729348,21531
50,998.16,63,3.1905,5.612063,21533
12,198.69,19,1.6842,6.805263,21534
27,935.22,38,10.8684,2.963684,21535
11,293.92,14,4.8571,5.105714,21537
2,18.75,2,2.5000,3.750000,21538
37,700.50,48,2.9792,5.146667,21539
16,210.62,32,7.0000,1.228750,21544
10,203.38,19,3.2632,3.872105,21547
4,112.64,19,2.3158,2.629474,21555
10,309.76,40,2.5500,3.219000,21556
8,761.40,50,5.5600,3.387600,21557
25,899.62,56,6.4107,3.768393,21558
51,1323.42,87,6.1034,3.158966,21559
22,615.03,31,8.4194,3.060323,21561
5,22.88,5,3.2000,1.826000,21562
28,562.45,41,4.5610,3.716829,21563
14,314.72,22,4.9091,3.453636,21564
8,72.91,12,2.0833,3.404167,21576
17,293.03,25,4.5600,3.149200,21577
21,350.99,27,5.5926,2.666296,21578
10,95.52,13,3.0769,2.674615,21579
7,49.50,7,3.1429,2.250000,21580
10,69.74,14,1.8571,3.052857,21581
28,310.20,30,6.2667,1.650000,21584
20,398.55,22,7.6818,2.488636,21586
17,360.90,18,8.3333,2.525000,21587
19,285.30,20,5.7000,2.527500,21588
16,155.00,17,7.2941,1.250000,21591
25,247.50,29,6.8276,1.250000,21592
1,8.34,2,1.0000,4.170000,21594
1,16.94,3,1.0000,5.646667,21595
22,522.11,22,8.5909,3.066364,21609
11,147.51,11,4.4545,3.219091,21613
13,309.86,24,9.0000,2.025417,21615
11,239.89,21,6.4286,2.435714,21616
15,326.92,27,5.9630,2.570741,21617
7,220.15,23,5.5217,2.396087,21618
11,251.20,25,6.2800,2.298400,21619
14,283.71,33,5.6061,2.540909,21620
48,4446.57,65,8.0462,8.741692,21621
15,416.34,22,3.5455,6.095455,21622
36,7198.60,46,23.6087,9.766739,21623
14,234.40,19,1.8947,7.013158,21624
15,467.79,34,1.9118,7.639412,21625
6,110.67,10,5.1000,3.072000,21626
7,169.83,14,1.2143,9.990000,21627
3,59.94,5,1.2000,9.990000,21628
3,31.80,4,1.0000,7.950000,21629
5,111.56,10,1.2000,9.366000,21630
11,693.73,22,7.0455,6.504545,21631
6,474.24,25,3.8400,7.252000,21632
4,430.18,19,4.5263,7.541579,21633
1,7.53,3,1.0000,2.510000,21634
3,41.25,3,3.6667,3.750000,21635
5,81.98,9,3.4444,3.272222,21638
9,81.96,18,4.8333,1.163333,21640
1,26.56,12,1.3333,1.660000,21641
6,51.45,13,3.9231,1.223846,21642
5,114.00,19,3.2105,2.242105,21643
12,125.00,13,18.7692,1.153846,21644
10,71.40,12,2.8333,2.100000,21647
6,327.62,21,11.3333,2.140952,21648
8,126.94,33,15.0000,0.522121,21650
8,196.92,11,17.8182,1.619091,21651
5,37.03,6,3.8333,1.756667,21654
1,20.28,1,12.0000,1.690000,21655
6,231.86,15,6.7333,2.577333,21656
10,186.78,14,1.8571,7.384286,21657
32,1300.05,69,4.4783,5.974348,21658
2,5.95,3,1.0000,1.983333,21661
5,365.32,10,6.0000,8.324000,21662
9,252.72,11,6.5455,3.717273,21664
5,28.96,5,8.6000,0.852000,21666
2,19.98,3,1.6667,3.330000,21667
38,956.51,68,10.4853,1.685000,21668
35,751.73,62,8.8065,1.689516,21669
34,869.84,62,10.9032,1.644032,21670
37,889.76,57,12.5088,1.573684,21671
33,975.82,61,12.2295,1.579344,21672
38,1102.92,78,10.9744,1.636026,21673
9,147.76,37,4.5946,0.974054,21675
5,53.94,20,3.1500,0.896500,21676
23,216.98,44,5.6136,0.940909,21677
3,18.00,12,1.7500,0.879167,21678
14,210.76,25,9.2800,1.106800,21679
12,157.05,17,10.5882,1.088235,21680
9,168.42,10,3.2000,5.952000,21682
10,177.01,10,5.9000,3.246000,21683
7,99.33,9,12.3333,1.218889,21684
3,39.96,3,1.3333,9.990000,21686
8,235.74,13,5.3846,4.070000,21688
2,33.75,2,4.5000,3.750000,21689
7,90.00,11,5.6364,3.068182,21690
5,41.25,5,2.2000,3.750000,21692
7,168.07,10,5.3000,3.530000,21693
5,100.20,6,5.3333,3.916667,21694
5,76.48,5,4.8000,3.518000,21695
7,129.82,9,4.6667,3.607778,21696
2,18.21,10,1.2000,1.573000,21698
16,512.73,45,7.2667,5.390000,21700
20,226.29,30,17.7000,0.575667,21703
20,434.19,34,15.9706,1.124412,21704
10,134.61,17,3.8235,2.454706,21705
9,405.27,39,2.4359,4.766410,21706
6,126.04,15,2.1333,3.871333,21707
4,136.20,21,1.7619,3.636190,21708
5,129.36,18,1.8333,4.056667,21709
6,92.68,12,1.5000,5.248333,21710
5,41.46,7,1.1429,5.215714,21711
8,88.24,9,4.2222,2.568889,21713
11,104.95,13,5.6923,1.536923,21714
11,489.21,16,12.6875,3.416250,21715
10,546.80,18,11.7222,3.495556,21716
23,662.98,27,10.7778,2.771481,21717
8,166.19,15,8.2667,1.912000,21718
12,65.33,15,4.9333,1.012000,21719
3,13.60,3,5.3333,0.850000,21720
12,113.30,21,5.6667,1.197143,21721
5,27.08,7,4.1429,1.197143,21722
14,90.75,17,6.0000,0.992941,21723
12,72.05,19,4.2105,1.063158,21724
9,108.36,14,8.3571,1.197143,21725
13,106.94,18,6.7778,1.030000,21726
27,1031.11,47,4.7234,5.095319,21730
58,4118.70,126,20.9921,2.390238,21731
156,7012.34,189,12.4339,3.073016,21733
13,699.30,13,5.3846,9.990000,21735
2,79.80,2,19.0000,2.100000,21736
10,106.23,15,2.2000,3.542000,21738
9,88.52,10,2.8000,3.542000,21739
10,274.11,18,4.5000,4.258889,21741
9,87.34,9,1.5556,6.398889,21742
16,527.84,24,7.6667,3.791667,21743
11,141.64,13,3.3846,3.405385,21744
12,243.58,13,5.0769,4.085385,21745
12,182.46,19,7.1053,1.578947,21746
4,36.25,4,7.2500,1.250000,21747
5,69.20,8,3.3750,2.881250,21749
1,12.63,1,3.0000,4.210000,21750
105,3924.41,170,3.7353,6.686941,21754
105,3059.71,146,3.4795,6.381096,21755
44,1061.29,64,2.6875,6.285938,21756
2,19.80,2,2.0000,4.950000,21757
2,52.86,5,1.2000,9.282000,21758
3,29.97,3,1.0000,9.990000,21761
1,19.98,1,2.0000,9.990000,21763
2,109.89,2,5.5000,9.990000,21769
16,479.92,59,11.9831,1.404407,21773
8,431.05,58,9.6897,1.636724,21774
3,256.07,40,5.4500,1.611500,21775
4,95.40,7,2.4286,6.814286,21777
25,519.48,32,1.6250,9.990000,21781
14,348.37,24,1.4583,9.955000,21784
3,5.06,5,1.0000,1.012000,21785
19,283.32,47,13.1064,0.617234,21786
18,381.37,31,14.6452,1.156129,21787
8,89.99,10,10.4000,1.009000,21788
9,114.59,11,11.9091,0.997273,21789
60,1173.84,98,14.0816,1.135510,21790
61,1864.70,89,17.4382,1.579101,21791
6,77.22,8,1.2500,7.965000,21792
2,13.50,2,1.0000,6.750000,21793
7,148.23,8,2.6250,7.560000,21794
9,321.10,64,11.7656,0.425781,21801
12,319.50,67,11.1791,0.437612,21802
11,334.74,66,11.6364,0.457424,21803
5,75.48,8,2.0000,5.201250,21804
13,105.06,17,14.3529,0.470588,21807
3,93.75,3,8.3333,3.750000,21808
10,212.66,22,7.0000,1.765455,21809
9,186.50,23,5.3913,1.962174,21810
17,326.11,31,7.7419,1.692258,21811
7,312.63,14,3.8571,7.467857,21812
9,293.31,19,2.3684,7.867895,21813
5,49.40,7,4.5714,1.878571,21814
6,174.49,17,5.5294,2.346471,21815
1,2.90,1,2.0000,1.450000,21816
10,77.31,11,8.1818,0.923636,21817
18,233.52,25,10.8000,0.913600,21818
10,93.30,14,7.5000,1.023571,21819
12,282.25,21,3.0476,5.393333,21820
5,163.25,18,1.3889,6.751111,21821
5,110.13,9,5.8889,2.703333,21822
9,96.26,18,3.2778,1.960000,21823
7,100.69,13,4.6923,2.038462,21824
11,157.72,28,3.7143,1.790000,21826
2,6.25,2,2.5000,1.250000,21827
9,51.31,12,2.9167,1.670000,21828
18,208.87,33,27.5758,0.308788,21829
25,367.55,34,25.5882,0.470588,21830
16,487.32,52,4.5385,2.687500,21832
15,710.71,30,13.9333,2.518333,21833
3,26.49,3,1.6667,5.040000,21836
81,3004.91,102,2.9510,9.988824,21843
30,998.20,40,8.5000,3.600000,21844
8,227.50,8,10.2500,2.900000,21845
5,734.66,49,6.6122,2.852653,21846
1,103.03,21,2.7619,1.891429,21847
5,262.74,30,3.5333,2.623333,21849
4,124.62,18,2.6667,3.264444,21850
4,200.08,26,3.0769,3.203846,21851
17,715.67,37,6.8649,3.089189,21864
17,111.39,24,1.8333,2.803333,21865
18,259.13,35,3.3143,2.109429,21866
19,76.28,25,2.3200,1.401200,21867
44,735.38,74,7.3514,1.897432,21868
50,841.51,77,8.4156,1.762987,21870
30,590.52,63,6.6349,1.705714,21871
16,103.91,21,3.4762,1.651905,21872
20,343.59,35,15.7429,1.340857,21873
29,511.77,66,5.1061,2.205909,21874
21,317.37,33,7.2121,2.005152,21875
35,789.08,79,15.5063,1.876962,21876
43,584.65,61,7.3115,1.627049,21877
5,45.92,16,2.5625,1.346875,21878
32,267.43,63,16.0952,0.429524,21879
33,236.57,53,15.3208,0.446604,21880
19,168.10,41,14.3171,0.406098,21881
17,143.86,40,13.9250,0.430500,21882
34,349.33,66,16.5758,0.490606,21883
20,173.36,49,12.7347,0.491020,21884
31,706.73,59,2.7627,5.251864,21888
52,1134.11,87,10.0575,1.739770,21889
29,403.99,51,2.2941,3.987647,21890
36,597.25,57,7.7193,1.620000,21891
39,513.46,73,4.4521,1.730548,21892
12,155.15,30,3.3000,1.960667,21894
2,12.72,2,1.0000,6.360000,21895
12,140.40,20,2.8000,2.923500,21896
1,17.37,1,3.0000,5.790000,21897
20,195.10,34,8.2353,0.975882,21899
28,249.76,41,8.6585,0.991220,21900
21,153.21,36,5.9444,1.013889,21901
12,109.12,19,8.2632,0.968947,21902
23,382.32,42,3.9524,2.852857,21903
6,27.30,7,1.8571,2.100000,21904
13,67.13,13,2.3846,2.256154,21905
19,1568.28,42,5.0476,8.533333,21906
31,305.08,38,3.8158,2.424474,21907
46,1093.78,73,6.6027,2.817397,21908
4,8.25,4,1.2500,1.650000,21910
13,127.34,19,3.7368,2.186316,21911
31,801.00,59,2.9322,5.172034,21912
11,275.16,34,2.0000,4.340588,21913
48,1322.28,78,13.5385,1.538333,21914
67,3352.81,106,27.0943,1.551792,21915
24,172.22,46,8.3913,0.584348,21916
21,216.77,28,19.4286,0.540000,21917
33,303.41,55,13.2000,0.580545,21918
8,220.80,11,2.5455,8.600909,21922
3,20.00,3,5.3333,1.250000,21925
3,20.00,3,5.3333,1.250000,21926
5,56.25,6,7.5000,1.250000,21927
58,2618.63,100,13.8400,2.763900,21928
57,3001.45,101,14.1386,2.919109,21929
52,2176.30,93,9.8280,2.782688,21930
84,4151.24,143,11.3706,2.750280,21931
8,209.89,11,6.8182,3.699091,21932
11,289.67,14,7.2143,3.758571,21933
10,774.55,76,4.4737,2.450526,21934
20,1306.28,93,7.3978,2.538925,21935
20,578.02,38,4.6842,4.391053,21936
11,351.43,20,5.8500,4.244000,21937
5,89.16,30,2.2000,1.549000,21942
3,15.77,10,1.1000,1.492000,21943
5,65.33,19,3.1053,1.438947,21944
6,111.49,28,3.4643,1.512143,21945
2,8.25,5,1.2000,1.480000,21946
25,411.85,53,5.9811,1.441698,21947
8,434.61,56,5.3393,1.807679,21948
10,399.44,53,5.8868,1.749434,21949
36,1074.06,54,2.5556,8.421111,21955
32,239.35,55,14.3818,0.440545,21967
6,105.04,9,7.5556,2.165556,21972
5,21.75,5,3.0000,1.450000,21973
24,352.03,44,4.6818,2.175000,21974
48,618.18,65,18.6615,0.670308,21975
33,546.32,57,16.1228,0.958246,21976
73,1361.96,120,21.5417,0.798667,21977
33,256.36,45,18.4889,0.426444,21980
27,256.33,43,19.1860,0.444884,21981
33,313.35,62,15.6935,0.522581,21982
13,124.30,23,17.2174,0.530870,21983
15,105.63,35,8.4286,0.576286,21984
88,553.94,114,15.6842,0.400877,21985
18,103.62,25,13.5200,0.424400,21986
17,109.85,18,9.3889,0.650000,21987
15,260.19,17,20.2941,0.931176,21988
22,284.08,39,8.1282,1.217179,21989
8,366.86,48,3.0000,2.557500,21990
4,180.43,39,1.8205,2.525897,21991
13,826.79,73,4.3562,2.811644,21992
5,416.87,51,3.1765,2.671765,21993
20,227.70,20,6.9000,1.650000,22021
10,71.49,22,7.1364,0.652727,22023
27,244.80,43,13.9535,0.570698,22024
12,134.03,19,17.7368,0.563684,22025
10,57.16,16,8.0000,0.580000,22026
26,211.73,49,9.7755,0.591429,22027
20,164.42,33,12.0606,0.569697,22028
44,482.39,76,15.3026,0.566447,22029
33,230.84,36,15.4444,0.441111,22030
7,62.53,26,5.6538,0.440385,22031
5,32.10,17,4.4706,0.424118,22032
7,55.44,7,18.8571,0.420000,22033
2,3.36,2,4.0000,0.420000,22034
15,113.30,28,9.5000,0.628571,22035
31,196.58,56,7.8214,0.592679,22037
4,42.00,4,25.0000,0.420000,22040
21,1699.36,52,13.4615,3.414423,22041
6,39.82,15,6.2667,0.426667,22042
2,13.62,7,4.5714,0.427143,22043
4,25.20,4,15.0000,0.420000,22044
23,252.00,24,25.0000,0.420000,22045
7,94.50,7,32.1429,0.420000,22046
12,147.00,13,26.9231,0.420000,22047
4,42.00,4,25.0000,0.420000,22048
7,147.00,10,35.0000,0.420000,22049
5,52.50,5,25.0000,0.420000,22050
7,84.00,8,25.0000,0.420000,22051
7,73.50,7,25.0000,0.420000,22052
2,18.75,2,7.5000,1.250000,22053
14,297.66,25,6.8000,2.426800,22055
6,89.40,6,10.0000,1.490000,22057
21,493.24,30,11.6000,1.713000,22059
7,320.90,7,4.8571,9.742857,22060
18,542.30,19,3.0526,9.797368,22061
8,200.50,9,7.3333,3.594444,22062
8,144.24,11,4.0000,4.004545,22063
14,473.10,41,6.3902,2.427561,22064
15,328.72,28,6.7857,2.324643,22065
16,174.39,17,7.0000,1.558235,22066
5,109.24,13,4.4615,2.565385,22067
9,109.86,22,1.9545,2.882273,22068
3,214.04,25,2.4800,3.609200,22069
13,344.62,28,3.3929,3.643214,22070
11,168.17,19,2.3158,4.002632,22071
26,608.10,39,3.9487,4.038462,22072
18,602.68,29,5.4138,4.478966,22073
25,538.27,58,14.4828,1.077759,22074
19,724.13,35,12.1429,2.381143,22075
16,186.29,29,3.3793,2.380000,22076
84,2577.32,150,9.0667,2.360933,22077
24,586.13,42,6.3333,2.922857,22078
52,822.19,73,6.7123,2.072055,22079
17,423.81,33,7.6061,2.465152,22080
8,120.93,25,1.8800,2.977600,22081
52,913.27,88,5.3523,2.313295,22082
59,2438.97,100,7.0100,4.115400,22083
31,983.95,49,6.0612,3.974490,22084
8,100.30,8,4.2500,2.950000,22085
118,9369.12,183,13.5738,3.519836,22086
37,1315.59,55,7.8727,3.645273,22087
19,777.75,38,6.9737,3.892632,22088
11,253.66,18,4.6667,3.748889,22089
47,1935.91,74,9.3649,3.769324,22090
9,152.56,20,5.9500,1.928500,22091
5,36.25,6,4.8333,1.250000,22092
8,33.77,9,2.7778,1.530000,22093
11,92.41,19,3.3158,1.772632,22094
16,590.87,37,12.2162,1.788378,22095
8,33.79,11,2.0909,1.708182,22096
7,60.99,12,3.3333,1.762500,22097
18,113.76,26,3.0769,1.633846,22098
9,149.35,17,6.8235,1.897059,22099
9,36.29,18,1.1111,1.877222,22100
3,271.73,18,6.2222,2.447778,22101
4,24.75,4,3.7500,1.650000,22102
2,8.23,3,1.0000,2.743333,22103
1,29.67,11,1.6364,1.651818,22104
3,50.76,6,2.0000,4.223333,22105
1,70.44,11,1.2727,5.032727,22106
17,479.05,39,2.5897,5.527949,22107
6,100.25,15,2.9333,2.985333,22108
24,1293.17,61,4.6557,5.473279,22109
25,2413.43,76,5.9474,4.327105,22110
137,6852.06,224,5.7366,5.864509,22111
117,7912.87,197,7.1777,5.837157,22112
123,3799.65,178,5.6348,4.082191,22113
57,8149.26,97,13.9897,5.175052,22114
14,247.48,26,2.6154,4.302308,22115
11,125.77,19,4.0000,2.632632,22116
19,217.51,35,4.1714,2.504857,22117
14,208.53,19,1.8421,6.276316,22118
14,246.29,16,2.1875,7.140000,22119
21,767.39,29,2.6552,9.962414,22120
23,450.85,33,2.1515,7.143939,22121
5,116.56,17,1.2941,5.263529,22123
1,47.49,13,1.4615,2.494615,22124
1,9.99,1,1.0000,9.990000,22125
12,189.99,13,11.1538,1.922308,22127
12,265.44,12,18.0000,1.234167,22128
4,52.98,4,16.5000,0.817500,22129
26,434.60,38,8.7368,3.256316,22130
44,582.97,74,3.6081,2.700541,22131
24,294.20,44,7.2045,1.231136,22132
13,189.13,35,5.6000,1.308571,22133
12,107.48,42,5.5952,0.514762,22134
